{
  "$schema": "https://developer.microsoft.com/json-schemas/fabric/item/report/definition/visualContainer/2.1.0/schema.json",
  "name": "94eeb48c41c19cd54987",
  "position": {
    "x": 634.96551246856916,
    "y": 396.85344529285567,
    "z": 3,
    "height": 277.797411704999,
    "width": 595.2801679392835,
    "tabOrder": 3
  },
  "visual": {
    "visualType": "columnChart",
    "query": {
      "queryState": {
        "Category": {
          "projections": [
            {
              "field": {
                "Column": {
                  "Expression": {
                    "SourceRef": {
                      "Entity": "Bicycle Sales"
                    }
                  },
                  "Property": "State"
                }
              },
              "queryRef": "Bicycle Sales.State",
              "nativeQueryRef": "State",
              "active": true
            }
          ]
        },
        "Series": {
          "projections": [
            {
              "field": {
                "Column": {
                  "Expression": {
                    "SourceRef": {
                      "Entity": "Bicycle Sales"
                    }
                  },
                  "Property": "Product"
                }
              },
              "queryRef": "Bicycle Sales.Product",
              "nativeQueryRef": "Product"
            }
          ]
        },
        "Y": {
          "projections": [
            {
              "field": {
                "Aggregation": {
                  "Expression": {
                    "Column": {
                      "Expression": {
                        "SourceRef": {
                          "Entity": "Bicycle Sales"
                        }
                      },
                      "Property": "Units Sold"
                    }
                  },
                  "Function": 0
                }
              },
              "queryRef": "Sum(Bicycle Sales.Units Sold)",
              "nativeQueryRef": "Sum of Units Sold"
            }
          ]
        }
      },
      "sortDefinition": {
        "sort": [
          {
            "field": {
              "Aggregation": {
                "Expression": {
                  "Column": {
                    "Expression": {
                      "SourceRef": {
                        "Entity": "Bicycle Sales"
                      }
                    },
                    "Property": "Units Sold"
                  }
                },
                "Function": 0
              }
            },
            "direction": "Descending"
          }
        ],
        "isDefaultSort": true
      }
    },
    "drillFilterOtherVisuals": true
  },
  "filterConfig": {
    "filters": [
      {
        "name": "5ab5c3ba43641abc5c01",
        "field": {
          "Column": {
            "Expression": {
              "SourceRef": {
                "Entity": "Bicycle Sales"
              }
            },
            "Property": "State"
          }
        },
        "type": "Categorical"
      },
      {
        "name": "df7923a8a60c8610abe7",
        "field": {
          "Aggregation": {
            "Expression": {
              "Column": {
                "Expression": {
                  "SourceRef": {
                    "Entity": "Bicycle Sales"
                  }
                },
                "Property": "Units Sold"
              }
            },
            "Function": 0
          }
        },
        "type": "Advanced"
      },
      {
        "name": "143d590504619cb7cd05",
        "field": {
          "Column": {
            "Expression": {
              "SourceRef": {
                "Entity": "Bicycle Sales"
              }
            },
            "Property": "Product"
          }
        },
        "type": "Categorical"
      }
    ]
  }
}