{
  "$schema": "https://developer.microsoft.com/json-schemas/fabric/item/report/definition/page/2.0.0/schema.json",
  "name": "50f8020a7c5139543017",
  "displayName": "Stacked Column Charts",
  "displayOption": "FitToPage",
  "height": 720,
  "width": 1280,
  "filterConfig": {
    "filters": [
      {
        "name": "1f2e3f095c1ab4b3adb6",
        "field": {
          "Column": {
            "Expression": {
              "SourceRef": {
                "Entity": "Bicycle Sales"
              }
            },
            "Property": "Product"
          }
        },
        "type": "Categorical",
        "howCreated": "User"
      },
      {
        "name": "2f5d36da8a1ce296c189",
        "field": {
          "Column": {
            "Expression": {
              "SourceRef": {
                "Entity": "Bicycle Sales"
              }
            },
            "Property": "State"
          }
        },
        "type": "Categorical",
        "howCreated": "User"
      }
    ]
  }
}