{
  "$schema": "https://developer.microsoft.com/json-schemas/fabric/item/report/definition/visualContainer/2.1.0/schema.json",
  "name": "4ccedc529c9c9510e607",
  "position": {
    "x": 45.35467946204065,
    "y": 396.85344529285567,
    "z": 2,
    "height": 277.797411704999,
    "width": 553.7050450990796,
    "tabOrder": 2
  },
  "visual": {
    "visualType": "columnChart",
    "query": {
      "queryState": {
        "Category": {
          "projections": [
            {
              "field": {
                "Column": {
                  "Expression": {
                    "SourceRef": {
                      "Entity": "Bicycle Sales"
                    }
                  },
                  "Property": "Product"
                }
              },
              "queryRef": "Bicycle Sales.Product",
              "nativeQueryRef": "Product",
              "active": true
            }
          ]
        },
        "Y": {
          "projections": [
            {
              "field": {
                "Aggregation": {
                  "Expression": {
                    "Column": {
                      "Expression": {
                        "SourceRef": {
                          "Entity": "Bicycle Sales"
                        }
                      },
                      "Property": "Profit"
                    }
                  },
                  "Function": 0
                }
              },
              "queryRef": "Sum(Bicycle Sales.Profit)",
              "nativeQueryRef": "Sum of Profit"
            }
          ]
        }
      },
      "sortDefinition": {
        "sort": [
          {
            "field": {
              "Aggregation": {
                "Expression": {
                  "Column": {
                    "Expression": {
                      "SourceRef": {
                        "Entity": "Bicycle Sales"
                      }
                    },
                    "Property": "Profit"
                  }
                },
                "Function": 0
              }
            },
            "direction": "Descending"
          }
        ],
        "isDefaultSort": true
      }
    },
    "drillFilterOtherVisuals": true
  },
  "filterConfig": {
    "filters": [
      {
        "name": "a3d0b561005da030c031",
        "field": {
          "Column": {
            "Expression": {
              "SourceRef": {
                "Entity": "Bicycle Sales"
              }
            },
            "Property": "Product"
          }
        },
        "type": "Categorical"
      },
      {
        "name": "5978af3cab72a034de21",
        "field": {
          "Aggregation": {
            "Expression": {
              "Column": {
                "Expression": {
                  "SourceRef": {
                    "Entity": "Bicycle Sales"
                  }
                },
                "Property": "Profit"
              }
            },
            "Function": 0
          }
        },
        "type": "Advanced"
      }
    ]
  }
}