{
  "$schema": "https://developer.microsoft.com/json-schemas/fabric/item/report/definition/visualContainer/2.1.0/schema.json",
  "name": "5b2226971a0e86c650a6",
  "position": {
    "x": 386.66666666666669,
    "y": 21.666666666666668,
    "z": 7000,
    "height": 73.333333333333343,
    "width": 456.66666666666669,
    "tabOrder": 7000
  },
  "visual": {
    "visualType": "textbox",
    "objects": {
      "general": [
        {
          "properties": {
            "paragraphs": [
              {
                "textRuns": [
                  {
                    "value": "Customer Demographics",
                    "textStyle": {
                      "fontFamily": "Arial",
                      "fontSize": "20pt",
                      "textDecoration": "underline",
                      "color": "#000000"
                    }
                  }
                ],
                "horizontalTextAlignment": "center"
              }
            ]
          }
        }
      ]
    },
    "visualContainerObjects": {
      "background": [
        {
          "properties": {
            "transparency": {
              "expr": {
                "Literal": {
                  "Value": "100D"
                }
              }
            }
          }
        }
      ]
    },
    "drillFilterOtherVisuals": true
  }
}