{
  "$schema": "https://developer.microsoft.com/json-schemas/fabric/item/report/definition/visualContainer/2.1.0/schema.json",
  "name": "8e2c099da5374ca84d2b",
  "position": {
    "x": 100,
    "y": 23.333333333333336,
    "z": 8000,
    "height": 70,
    "width": 741.66666666666674,
    "tabOrder": 8000
  },
  "visual": {
    "visualType": "textbox",
    "objects": {
      "general": [
        {
          "properties": {
            "paragraphs": [
              {
                "textRuns": [
                  {
                    "value": "Loan Portfolio & Performance",
                    "textStyle": {
                      "fontFamily": "Arial",
                      "fontSize": "28pt",
                      "textDecoration": "underline"
                    }
                  }
                ],
                "horizontalTextAlignment": "right"
              }
            ]
          }
        }
      ]
    },
    "visualContainerObjects": {
      "background": [
        {
          "properties": {
            "transparency": {
              "expr": {
                "Literal": {
                  "Value": "100D"
                }
              }
            }
          }
        }
      ]
    },
    "drillFilterOtherVisuals": true
  }
}