{
  "version": "1.1.0",
  "diagrams": [
    {
      "ordinal": 0,
      "scrollPosition": {
        "x": 0,
        "y": 0
      },
      "nodes": [
        {
          "location": {
            "x": 0,
            "y": 0
          },
          "nodeIndex": "Customers",
          "nodeLineageTag": "b8d9733d-8c76-4935-b536-0b571e9055e3",
          "size": {
            "height": 300,
            "width": 234
          },
          "zIndex": 0
        },
        {
          "location": {
            "x": 284,
            "y": 0
          },
          "nodeIndex": "Dates",
          "nodeLineageTag": "b4d7a6be-2852-4a2d-bd3e-46e8bc1ae526",
          "size": {
            "height": 300,
            "width": 234
          },
          "zIndex": 0
        },
        {
          "location": {
            "x": 568,
            "y": 0
          },
          "nodeIndex": "Products",
          "nodeLineageTag": "1d73670e-d1d2-40b1-b0b5-fc7a798f4dce",
          "size": {
            "height": 300,
            "width": 234
          },
          "zIndex": 0
        },
        {
          "location": {
            "x": 852,
            "y": 0
          },
          "nodeIndex": "Sales",
          "nodeLineageTag": "424ce005-1d5c-4650-9c32-f891e693157e",
          "size": {
            "height": 300,
            "width": 234
          },
          "zIndex": 0
        }
      ],
      "name": "All tables",
      "zoomValue": 100,
      "pinKeyFieldsToTop": false,
      "showExtraHeaderInfo": false,
      "hideKeyFieldsWhenCollapsed": false,
      "tablesLocked": false
    }
  ],
  "selectedDiagram": "All tables",
  "defaultDiagram": "All tables"
}