{
  "$schema": "https://developer.microsoft.com/json-schemas/fabric/item/report/definition/visualContainer/2.1.0/schema.json",
  "name": "7828092f16dd80d7739a",
  "position": {
    "x": 818.33333333333337,
    "y": 406.66666666666669,
    "z": 6000,
    "height": 275,
    "width": 440,
    "tabOrder": 6000
  },
  "visual": {
    "visualType": "clusteredBarChart",
    "query": {
      "queryState": {
        "Category": {
          "projections": [
            {
              "field": {
                "Column": {
                  "Expression": {
                    "SourceRef": {
                      "Entity": "Customer_Details"
                    }
                  },
                  "Property": "Gender"
                }
              },
              "queryRef": "Customer_Details.Gender",
              "nativeQueryRef": "Gender",
              "active": true
            }
          ]
        },
        "Series": {
          "projections": [
            {
              "field": {
                "Column": {
                  "Expression": {
                    "SourceRef": {
                      "Entity": "Customer_Details"
                    }
                  },
                  "Property": "Education_Level"
                }
              },
              "queryRef": "Customer_Details.Education_Level",
              "nativeQueryRef": "Education_Level"
            }
          ]
        },
        "Y": {
          "projections": [
            {
              "field": {
                "Aggregation": {
                  "Expression": {
                    "Column": {
                      "Expression": {
                        "SourceRef": {
                          "Entity": "Customer_Details"
                        }
                      },
                      "Property": "Credit_Score"
                    }
                  },
                  "Function": 1
                }
              },
              "queryRef": "Sum(Customer_Details.Credit_Score)",
              "nativeQueryRef": "Credit Score",
              "displayName": "Credit Score"
            }
          ]
        }
      },
      "sortDefinition": {
        "sort": [
          {
            "field": {
              "Aggregation": {
                "Expression": {
                  "Column": {
                    "Expression": {
                      "SourceRef": {
                        "Entity": "Customer_Details"
                      }
                    },
                    "Property": "Credit_Score"
                  }
                },
                "Function": 1
              }
            },
            "direction": "Descending"
          }
        ],
        "isDefaultSort": true
      }
    },
    "objects": {
      "valueAxis": [
        {
          "properties": {
            "titleText": {
              "expr": {
                "Literal": {
                  "Value": "'Average of Credit_Score'"
                }
              }
            }
          }
        }
      ]
    },
    "visualContainerObjects": {
      "dropShadow": [
        {
          "properties": {
            "show": {
              "expr": {
                "Literal": {
                  "Value": "true"
                }
              }
            }
          }
        }
      ]
    },
    "drillFilterOtherVisuals": true
  }
}