{
  "$schema": "https://developer.microsoft.com/json-schemas/fabric/item/report/definition/report/2.1.0/schema.json",
  "themeCollection": {
    "baseTheme": {
      "name": "CY24SU10",
      "reportVersionAtImport": "5.65",
      "type": "SharedResources"
    }
  },
  "objects": {
    "section": [
      {
        "properties": {
          "verticalAlignment": {
            "expr": {
              "Literal": {
                "Value": "'Top'"
              }
            }
          }
        }
      }
    ]
  },
  "resourcePackages": [
    {
      "name": "SharedResources",
      "type": "SharedResources",
      "items": [
        {
          "name": "CY24SU10",
          "path": "BaseThemes/CY24SU10.json",
          "type": "BaseTheme"
        }
      ]
    }
  ],
  "settings": {
    "useStylableVisualContainerHeader": true,
    "defaultDrillFilterOtherVisuals": true,
    "allowChangeFilterTypes": true,
    "useEnhancedTooltips": true,
    "useDefaultAggregateDisplayName": true
  }
}