{
  "$schema": "https://developer.microsoft.com/json-schemas/fabric/item/report/definition/visualContainer/2.1.0/schema.json",
  "name": "c96d301029c809aaee21",
  "position": {
    "x": 640.63484740132424,
    "y": 58.583127638469172,
    "z": 1,
    "height": 277.797411704999,
    "width": 555.594823409998,
    "tabOrder": 1
  },
  "visual": {
    "visualType": "columnChart",
    "query": {
      "queryState": {
        "Category": {
          "projections": [
            {
              "field": {
                "Column": {
                  "Expression": {
                    "SourceRef": {
                      "Entity": "Bicycle Sales"
                    }
                  },
                  "Property": "State"
                }
              },
              "queryRef": "Bicycle Sales.State",
              "nativeQueryRef": "State",
              "active": true
            }
          ]
        },
        "Y": {
          "projections": [
            {
              "field": {
                "Aggregation": {
                  "Expression": {
                    "Column": {
                      "Expression": {
                        "SourceRef": {
                          "Entity": "Bicycle Sales"
                        }
                      },
                      "Property": "Units Sold"
                    }
                  },
                  "Function": 0
                }
              },
              "queryRef": "Sum(Bicycle Sales.Units Sold)",
              "nativeQueryRef": "Sum of Units Sold"
            }
          ]
        }
      },
      "sortDefinition": {
        "sort": [
          {
            "field": {
              "Aggregation": {
                "Expression": {
                  "Column": {
                    "Expression": {
                      "SourceRef": {
                        "Entity": "Bicycle Sales"
                      }
                    },
                    "Property": "Units Sold"
                  }
                },
                "Function": 0
              }
            },
            "direction": "Descending"
          }
        ],
        "isDefaultSort": true
      }
    },
    "drillFilterOtherVisuals": true
  },
  "filterConfig": {
    "filters": [
      {
        "name": "6d8e3ba0d000435179ab",
        "field": {
          "Column": {
            "Expression": {
              "SourceRef": {
                "Entity": "Bicycle Sales"
              }
            },
            "Property": "State"
          }
        },
        "type": "Categorical"
      },
      {
        "name": "396b339293030c2d483e",
        "field": {
          "Aggregation": {
            "Expression": {
              "Column": {
                "Expression": {
                  "SourceRef": {
                    "Entity": "Bicycle Sales"
                  }
                },
                "Property": "Units Sold"
              }
            },
            "Function": 0
          }
        },
        "type": "Advanced"
      }
    ]
  }
}