{
  "$schema": "https://developer.microsoft.com/json-schemas/fabric/item/report/definition/visualContainer/2.1.0/schema.json",
  "name": "c84f8b28ea605d3936dc",
  "position": {
    "x": 291.66666666666669,
    "y": 95,
    "z": 2000,
    "height": 125,
    "width": 240,
    "tabOrder": 2000
  },
  "visual": {
    "visualType": "gauge",
    "query": {
      "queryState": {
        "MaxValue": {
          "projections": [
            {
              "field": {
                "Measure": {
                  "Expression": {
                    "SourceRef": {
                      "Entity": "Loan_Details"
                    }
                  },
                  "Property": "Maxq_Interest"
                }
              },
              "queryRef": "Loan_Details.Maxq_Interest",
              "nativeQueryRef": "Maxq_Interest"
            }
          ]
        },
        "MinValue": {
          "projections": [
            {
              "field": {
                "Measure": {
                  "Expression": {
                    "SourceRef": {
                      "Entity": "Loan_Details"
                    }
                  },
                  "Property": "Min_Interest"
                }
              },
              "queryRef": "Loan_Details.Min_Interest",
              "nativeQueryRef": "Min_Interest"
            }
          ]
        },
        "Y": {
          "projections": [
            {
              "field": {
                "Aggregation": {
                  "Expression": {
                    "Column": {
                      "Expression": {
                        "SourceRef": {
                          "Entity": "Loan_Details"
                        }
                      },
                      "Property": "Interest_Rate"
                    }
                  },
                  "Function": 1
                }
              },
              "queryRef": "Sum(Loan_Details.Interest_Rate)",
              "nativeQueryRef": "Average of Interest_Rate"
            }
          ]
        }
      },
      "sortDefinition": {
        "sort": [
          {
            "field": {
              "Aggregation": {
                "Expression": {
                  "Column": {
                    "Expression": {
                      "SourceRef": {
                        "Entity": "Loan_Details"
                      }
                    },
                    "Property": "Interest_Rate"
                  }
                },
                "Function": 1
              }
            },
            "direction": "Descending"
          }
        ],
        "isDefaultSort": true
      }
    },
    "visualContainerObjects": {
      "title": [
        {
          "properties": {
            "text": {
              "expr": {
                "Literal": {
                  "Value": "'Average Interest Rate'"
                }
              }
            }
          }
        }
      ],
      "dropShadow": [
        {
          "properties": {
            "show": {
              "expr": {
                "Literal": {
                  "Value": "true"
                }
              }
            }
          }
        }
      ]
    },
    "drillFilterOtherVisuals": true
  }
}