{
  "$schema": "https://developer.microsoft.com/json-schemas/fabric/item/report/definition/visualContainer/2.1.0/schema.json",
  "name": "71ecbd9ab9e21dcd7603",
  "position": {
    "x": 403.33333333333337,
    "y": 15,
    "z": 8004,
    "height": 71.666666666666671,
    "width": 531.66666666666674,
    "tabOrder": 8004
  },
  "visual": {
    "visualType": "textbox",
    "objects": {
      "general": [
        {
          "properties": {
            "paragraphs": [
              {
                "textRuns": [
                  {
                    "value": "Financial Risk Analysis Overview",
                    "textStyle": {
                      "fontSize": "24pt",
                      "textDecoration": "underline"
                    }
                  }
                ]
              }
            ]
          }
        }
      ]
    },
    "visualContainerObjects": {
      "background": [
        {
          "properties": {
            "transparency": {
              "expr": {
                "Literal": {
                  "Value": "100D"
                }
              }
            }
          }
        }
      ]
    },
    "drillFilterOtherVisuals": true
  }
}