{
  "version": "1.1.0",
  "diagrams": [
    {
      "ordinal": 0,
      "scrollPosition": {
        "x": 0,
        "y": 0
      },
      "nodes": [
        {
          "location": {
            "x": 568,
            "y": 0
          },
          "nodeIndex": "Customer_Details (2)",
          "nodeLineageTag": "484ac394-d796-4cf4-b693-dd82903fd184",
          "size": {
            "height": 300,
            "width": 234
          },
          "zIndex": 1
        },
        {
          "location": {
            "x": 0,
            "y": 0
          },
          "nodeIndex": "Customer_Details",
          "nodeLineageTag": "b466d4c3-b100-4d5c-8230-fef5b64398dd",
          "size": {
            "height": 300,
            "width": 234
          },
          "zIndex": 3
        },
        {
          "location": {
            "x": 284,
            "y": 0
          },
          "nodeIndex": "Loan_Details",
          "nodeLineageTag": "c5f03075-8639-420b-8970-c51627cd6d67",
          "size": {
            "height": 300,
            "width": 234
          },
          "zIndex": 2
        }
      ],
      "name": "All tables",
      "zoomValue": 72.916666666666657,
      "pinKeyFieldsToTop": false,
      "showExtraHeaderInfo": false,
      "hideKeyFieldsWhenCollapsed": false,
      "tablesLocked": false
    }
  ],
  "selectedDiagram": "All tables",
  "defaultDiagram": "All tables"
}