{
  "$schema": "https://developer.microsoft.com/json-schemas/fabric/item/report/definition/page/2.0.0/schema.json",
  "name": "e5f7b3ba548533385eaa",
  "displayName": "Customer Demographics",
  "displayOption": "FitToPage",
  "height": 720,
  "width": 1280,
  "objects": {
    "filterCard": [
      {
        "properties": {
          "borderColor": {
            "solid": {
              "color": {
                "expr": {
                  "ThemeDataColor": {
                    "ColorId": 1,
                    "Percent": 0
                  }
                }
              }
            }
          },
          "backgroundColor": {
            "solid": {
              "color": {
                "expr": {
                  "ThemeDataColor": {
                    "ColorId": 0,
                    "Percent": 0
                  }
                }
              }
            }
          }
        },
        "selector": {
          "id": "Available"
        }
      }
    ],
    "outspacePane": [
      {
        "properties": {
          "borderColor": {
            "solid": {
              "color": {
                "expr": {
                  "ThemeDataColor": {
                    "ColorId": 1,
                    "Percent": 0
                  }
                }
              }
            }
          },
          "backgroundColor": {
            "solid": {
              "color": {
                "expr": {
                  "Literal": {
                    "Value": "'#ffffff'"
                  }
                }
              }
            }
          }
        }
      }
    ],
    "outspace": [
      {
        "properties": {
          "color": {
            "solid": {
              "color": {
                "expr": {
                  "ThemeDataColor": {
                    "ColorId": 2,
                    "Percent": 0.6
                  }
                }
              }
            }
          }
        }
      }
    ],
    "background": [
      {
        "properties": {
          "color": {
            "solid": {
              "color": {
                "expr": {
                  "Literal": {
                    "Value": "'#ffffff'"
                  }
                }
              }
            }
          }
        }
      }
    ],
    "displayArea": [
      {
        "properties": {
          "verticalAlignment": {
            "expr": {
              "Literal": {
                "Value": "'Top'"
              }
            }
          }
        }
      }
    ]
  }
}