{
  "$schema": "https://developer.microsoft.com/json-schemas/fabric/item/report/definition/visualContainer/2.1.0/schema.json",
  "name": "b0f714d20d5ac813a02d",
  "position": {
    "x": 64.252462571224257,
    "y": 58.583127638469172,
    "z": 0,
    "height": 277.797411704999,
    "width": 521.57881381346749,
    "tabOrder": 0
  },
  "visual": {
    "visualType": "columnChart",
    "query": {
      "queryState": {
        "Category": {
          "projections": [
            {
              "field": {
                "Column": {
                  "Expression": {
                    "SourceRef": {
                      "Entity": "Bicycle Sales"
                    }
                  },
                  "Property": "Product"
                }
              },
              "queryRef": "Bicycle Sales.Product",
              "nativeQueryRef": "Product",
              "active": true
            }
          ]
        },
        "Y": {
          "projections": [
            {
              "field": {
                "Aggregation": {
                  "Expression": {
                    "Column": {
                      "Expression": {
                        "SourceRef": {
                          "Entity": "Bicycle Sales"
                        }
                      },
                      "Property": "Sales"
                    }
                  },
                  "Function": 0
                }
              },
              "queryRef": "Sum(Bicycle Sales.Sales)",
              "nativeQueryRef": "Sum of Sales"
            }
          ]
        }
      },
      "sortDefinition": {
        "sort": [
          {
            "field": {
              "Aggregation": {
                "Expression": {
                  "Column": {
                    "Expression": {
                      "SourceRef": {
                        "Entity": "Bicycle Sales"
                      }
                    },
                    "Property": "Sales"
                  }
                },
                "Function": 0
              }
            },
            "direction": "Descending"
          }
        ],
        "isDefaultSort": true
      }
    },
    "drillFilterOtherVisuals": true
  },
  "filterConfig": {
    "filters": [
      {
        "name": "9fd4953618e405cdb614",
        "field": {
          "Column": {
            "Expression": {
              "SourceRef": {
                "Entity": "Bicycle Sales"
              }
            },
            "Property": "Product"
          }
        },
        "type": "Categorical"
      },
      {
        "name": "309b9fe50a02ca5eee90",
        "field": {
          "Aggregation": {
            "Expression": {
              "Column": {
                "Expression": {
                  "SourceRef": {
                    "Entity": "Bicycle Sales"
                  }
                },
                "Property": "Sales"
              }
            },
            "Function": 0
          }
        },
        "type": "Advanced"
      }
    ]
  }
}